# PB-SEC-8 -- the dependency inventory. "No analytics/telemetry SDKs; dependencies minimal
# and justified."
#
# EVERY MODULE THE BUILD RESOLVES, not the three the build file declares. The set is derived
# from android/gradle/verification-metadata.xml (PB-SEC-14's artifact), which enumerates what
# ACTUALLY resolves with a checksum for each -- so a transitive pull is as visible here as a
# declared one. An inventory read off `implementation` lines would report a clean bill of
# health for an app that ships the Google Play Services client stack.
#
# Regenerate after any dependency change, from android/:
#     ./gradlew :app:dependencies --write-locks
#     ./gradlew --write-verification-metadata sha256 :app:dependencies
# then rebuild this table and REVIEW THE DIFF. A new row is a new thing in the app.
#
# THREE CLASSES OF ROW, and the difference matters to a reviewer:
#   ships in the APK        -- on releaseRuntimeClasspath; runs on the user's handset.
#   test classpath only     -- on no variant runtime classpath; never packaged.
#   build classpath only    -- resolved to configure the build; runs on the build host, with
#                              full privileges on the machine that signs the release, which is
#                              why it is checksum-verified all the same.
#
# NO ANALYTICS, TELEMETRY, ATTRIBUTION OR CRASH-REPORTING MODULE IS PRESENT in any of the
# three. That is asserted, not claimed: android/gate/s18_sec8_depinventory_test.go matches a
# denylist against this same resolved closure. The absence of a crash reporter is deliberate
# and is recorded again in android/app/build.gradle.kts, because a reader who does not find it
# stated will eventually add one to "fix" the gap.
#
# Columns: module <TAB> why <TAB> requirement
androidx.activity:activity	Ships in the APK. Pulled in transitively by androidx.appcompat:appcompat; no source in this module names it directly.	PB-SEC-8
androidx.annotation:annotation	Ships in the APK. Pulled in transitively by androidx.appcompat:appcompat, com.google.firebase:firebase-messaging; no source in this module names it directly.	PB-SEC-8
androidx.annotation:annotation-experimental	Ships in the APK. Pulled in transitively by androidx.appcompat:appcompat; no source in this module names it directly.	PB-SEC-8
androidx.annotation:annotation-jvm	Ships in the APK. Pulled in transitively by androidx.appcompat:appcompat; no source in this module names it directly.	PB-SEC-8
androidx.appcompat:appcompat	The AppCompat UI toolkit. It is what PhoneActivity extends and what Theme.Swarm inherits, and AppCompatDelegate is the third route into the system uiMode that SwarmTheme pins before any window exists.	PB-SEC-4,PB-TOK-4,PB-APP-1
androidx.appcompat:appcompat-resources	Ships in the APK. Pulled in transitively by androidx.appcompat:appcompat; no source in this module names it directly.	PB-SEC-8
androidx.arch.core:core-common	Ships in the APK. Pulled in transitively by androidx.appcompat:appcompat; no source in this module names it directly.	PB-SEC-8
androidx.arch.core:core-runtime	Ships in the APK. Pulled in transitively by androidx.appcompat:appcompat; no source in this module names it directly.	PB-SEC-8
androidx.camera:camera-camera2	Ships in the APK. CameraX's Camera2 implementation -- the frame source there is otherwise no provider for, so camera-core alone binds nothing.	PB-PAIR-3
androidx.camera:camera-core	Ships in the APK. CameraX's ImageAnalysis, which hands the scanner each YUV frame for ZXing to decode. A first-party AndroidX artifact from the repository this module already trusts for appcompat, so it widens the trust set by a library rather than by a vendor (ADR-007 B21).	PB-PAIR-3
androidx.camera:camera-lifecycle	Ships in the APK. Binds the camera use cases to the Activity's lifecycle, which is what releases the camera when the pairing screen stops rather than leaving the camera light on a handset its owner may not be holding.	PB-PAIR-3
androidx.camera:camera-video	Ships in the APK. Pulled in transitively by androidx.camera:camera-view, whose CameraController references VideoCapture; no source in this module names it and nothing in the app records anything. It is the one non-minimal item this scanner costs: it can be excluded while only PreviewView is used, which is a landmine for whoever later reaches for CameraController, so it is carried and recorded instead.	PB-SEC-8
androidx.camera:camera-view	Ships in the APK. PreviewView, the viewfinder the user aims at the machine's screen. ZXing has no auto-zoom, so aiming is the user's job and a scanner with no preview cannot be aimed.	PB-PAIR-3
androidx.collection:collection	Ships in the APK. Pulled in transitively by androidx.appcompat:appcompat, com.google.firebase:firebase-messaging; no source in this module names it directly.	PB-SEC-8
androidx.concurrent:concurrent-futures	Ships in the APK. Pulled in transitively by androidx.appcompat:appcompat, com.google.firebase:firebase-messaging; no source in this module names it directly.	PB-SEC-8
androidx.concurrent:concurrent-futures-ktx	Test classpath only (the junit, Robolectric and androidx.test closure). It is on no runtime classpath of any variant, so it is never packaged into the APK.	PB-TOOL-6
androidx.core:core	Ships in the APK. Pulled in transitively by androidx.appcompat:appcompat, com.google.firebase:firebase-messaging, and NAMED DIRECTLY since agents-tracker-2yfn: NotificationManagerCompat.areNotificationsEnabled is how SettingsSurface asks whether the framework will show a wake at all, which is the half of PB-RUN-2 the POST_NOTIFICATIONS check cannot see.	PB-SEC-8,PB-RUN-2
androidx.core:core-ktx	Ships in the APK. Pulled in transitively by androidx.appcompat:appcompat; no source in this module names it directly.	PB-SEC-8
androidx.cursoradapter:cursoradapter	Ships in the APK. Pulled in transitively by androidx.appcompat:appcompat; no source in this module names it directly.	PB-SEC-8
androidx.customview:customview	Ships in the APK. Pulled in transitively by androidx.appcompat:appcompat; no source in this module names it directly.	PB-SEC-8
androidx.databinding:databinding-common	Gradle build classpath only: resolved to CONFIGURE the build (the Android Gradle Plugin, the Kotlin plugin, lint and their closure). It runs on the build host and is never packaged into the APK, but it is checksum-verified because it executes with full privileges on the machine that signs the release.	PB-SEC-14,PB-TOOL-1
androidx.databinding:databinding-compiler-common	Gradle build classpath only: resolved to CONFIGURE the build (the Android Gradle Plugin, the Kotlin plugin, lint and their closure). It runs on the build host and is never packaged into the APK, but it is checksum-verified because it executes with full privileges on the machine that signs the release.	PB-SEC-14,PB-TOOL-1
androidx.documentfile:documentfile	Ships in the APK. Pulled in transitively by com.google.firebase:firebase-messaging; no source in this module names it directly.	PB-SEC-8
androidx.drawerlayout:drawerlayout	Ships in the APK. Pulled in transitively by androidx.appcompat:appcompat; no source in this module names it directly.	PB-SEC-8
androidx.emoji2:emoji2	Ships in the APK. Pulled in transitively by androidx.appcompat:appcompat; no source in this module names it directly.	PB-SEC-8
androidx.emoji2:emoji2-views-helper	Ships in the APK. Pulled in transitively by androidx.appcompat:appcompat; no source in this module names it directly.	PB-SEC-8
androidx.exifinterface:exifinterface	Ships in the APK. Pulled in transitively by androidx.camera:camera-core; no source in this module names it directly.	PB-SEC-8
androidx.fragment:fragment	Ships in the APK. Pulled in transitively by androidx.appcompat:appcompat, com.google.firebase:firebase-messaging; no source in this module names it directly.	PB-SEC-8
androidx.interpolator:interpolator	Ships in the APK. Pulled in transitively by androidx.appcompat:appcompat; no source in this module names it directly.	PB-SEC-8
androidx.legacy:legacy-support-core-utils	Ships in the APK. Pulled in transitively by com.google.firebase:firebase-messaging; no source in this module names it directly.	PB-SEC-8
androidx.lifecycle:lifecycle-common	Ships in the APK. Pulled in transitively by androidx.appcompat:appcompat; no source in this module names it directly.	PB-SEC-8
androidx.lifecycle:lifecycle-livedata	Ships in the APK. Pulled in transitively by androidx.appcompat:appcompat; no source in this module names it directly.	PB-SEC-8
androidx.lifecycle:lifecycle-livedata-core	Ships in the APK. Pulled in transitively by androidx.appcompat:appcompat; no source in this module names it directly.	PB-SEC-8
androidx.lifecycle:lifecycle-process	Ships in the APK. Pulled in transitively by androidx.appcompat:appcompat; no source in this module names it directly.	PB-SEC-8
androidx.lifecycle:lifecycle-runtime	Ships in the APK. Pulled in transitively by androidx.appcompat:appcompat; no source in this module names it directly.	PB-SEC-8
androidx.lifecycle:lifecycle-viewmodel	Ships in the APK. Pulled in transitively by androidx.appcompat:appcompat; no source in this module names it directly.	PB-SEC-8
androidx.lifecycle:lifecycle-viewmodel-savedstate	Ships in the APK. Pulled in transitively by androidx.appcompat:appcompat; no source in this module names it directly.	PB-SEC-8
androidx.loader:loader	Ships in the APK. Pulled in transitively by androidx.appcompat:appcompat, com.google.firebase:firebase-messaging; no source in this module names it directly.	PB-SEC-8
androidx.localbroadcastmanager:localbroadcastmanager	Ships in the APK. Pulled in transitively by com.google.firebase:firebase-messaging; no source in this module names it directly.	PB-SEC-8
androidx.print:print	Ships in the APK. Pulled in transitively by com.google.firebase:firebase-messaging; no source in this module names it directly.	PB-SEC-8
androidx.profileinstaller:profileinstaller	Ships in the APK. Pulled in transitively by androidx.appcompat:appcompat; no source in this module names it directly.	PB-SEC-8
androidx.resourceinspection:resourceinspection-annotation	Ships in the APK. Pulled in transitively by androidx.appcompat:appcompat; no source in this module names it directly.	PB-SEC-8
androidx.savedstate:savedstate	Ships in the APK. Pulled in transitively by androidx.appcompat:appcompat; no source in this module names it directly.	PB-SEC-8
androidx.startup:startup-runtime	Ships in the APK. Pulled in transitively by androidx.appcompat:appcompat; no source in this module names it directly.	PB-SEC-8
androidx.test.espresso:espresso-idling-resource	Test classpath only (the junit, Robolectric and androidx.test closure). It is on no runtime classpath of any variant, so it is never packaged into the APK.	PB-TOOL-6
androidx.test.ext:junit	Test classpath only (the instrumented source set): the AndroidJUnit4 runner the two PB-E2E-2 smoke classes are annotated with. It is on no variant runtime classpath, so it is never packaged.	PB-E2E-2
androidx.test.services:storage	Test classpath only (the androidx.test closure, via androidx.test:runner). It is on no variant runtime classpath of the app, so it is never packaged into the APK.	PB-E2E-2
androidx.test:core	ActivityScenario and ApplicationProvider, which is how the window-security assertions drive a real Activity lifecycle under Robolectric. Test classpath only.	PB-SEC-4,PB-TOOL-6
androidx.test:monitor	Test classpath only (the junit, Robolectric and androidx.test closure). It is on no runtime classpath of any variant, so it is never packaged into the APK.	PB-TOOL-6
androidx.test:runner	Test classpath only (the instrumented source set): AndroidJUnitRunner, which is the module's testInstrumentationRunner. Without it connectedAndroidTest is a no-op and PB-E2E-2's on-emulator smoke has nothing to drive the installed APK from. It is on no variant runtime classpath, so it is never packaged.	PB-E2E-2
androidx.tracing:tracing	Ships in the APK. Pulled in transitively by androidx.appcompat:appcompat; no source in this module names it directly.	PB-SEC-8
androidx.tracing:tracing-ktx	Ships in the APK. Pulled in transitively by androidx.camera:camera-core; no source in this module names it directly.	PB-SEC-8
androidx.vectordrawable:vectordrawable	Ships in the APK. Pulled in transitively by androidx.appcompat:appcompat; no source in this module names it directly.	PB-SEC-8
androidx.vectordrawable:vectordrawable-animated	Ships in the APK. Pulled in transitively by androidx.appcompat:appcompat; no source in this module names it directly.	PB-SEC-8
androidx.versionedparcelable:versionedparcelable	Ships in the APK. Pulled in transitively by androidx.appcompat:appcompat; no source in this module names it directly.	PB-SEC-8
androidx.viewpager:viewpager	Ships in the APK. Pulled in transitively by androidx.appcompat:appcompat; no source in this module names it directly.	PB-SEC-8
com.almworks.sqlite4java:sqlite4java	Test classpath only (the junit, Robolectric and androidx.test closure). It is on no runtime classpath of any variant, so it is never packaged into the APK.	PB-TOOL-6
com.android.application:com.android.application.gradle.plugin	Gradle build classpath only: resolved to CONFIGURE the build (the Android Gradle Plugin, the Kotlin plugin, lint and their closure). It runs on the build host and is never packaged into the APK, but it is checksum-verified because it executes with full privileges on the machine that signs the release.	PB-SEC-14,PB-TOOL-1
com.android.databinding:baseLibrary	Gradle build classpath only: resolved to CONFIGURE the build (the Android Gradle Plugin, the Kotlin plugin, lint and their closure). It runs on the build host and is never packaged into the APK, but it is checksum-verified because it executes with full privileges on the machine that signs the release.	PB-SEC-14,PB-TOOL-1
com.android.tools.analytics-library:crash	Gradle build classpath only: resolved to CONFIGURE the build (the Android Gradle Plugin, the Kotlin plugin, lint and their closure). It runs on the build host and is never packaged into the APK, but it is checksum-verified because it executes with full privileges on the machine that signs the release.	PB-SEC-14,PB-TOOL-1
com.android.tools.analytics-library:protos	Gradle build classpath only: resolved to CONFIGURE the build (the Android Gradle Plugin, the Kotlin plugin, lint and their closure). It runs on the build host and is never packaged into the APK, but it is checksum-verified because it executes with full privileges on the machine that signs the release.	PB-SEC-14,PB-TOOL-1
com.android.tools.analytics-library:shared	Gradle build classpath only: resolved to CONFIGURE the build (the Android Gradle Plugin, the Kotlin plugin, lint and their closure). It runs on the build host and is never packaged into the APK, but it is checksum-verified because it executes with full privileges on the machine that signs the release.	PB-SEC-14,PB-TOOL-1
com.android.tools.analytics-library:tracker	Gradle build classpath only: resolved to CONFIGURE the build (the Android Gradle Plugin, the Kotlin plugin, lint and their closure). It runs on the build host and is never packaged into the APK, but it is checksum-verified because it executes with full privileges on the machine that signs the release.	PB-SEC-14,PB-TOOL-1
com.android.tools.build.jetifier:jetifier-core	Gradle build classpath only: resolved to CONFIGURE the build (the Android Gradle Plugin, the Kotlin plugin, lint and their closure). It runs on the build host and is never packaged into the APK, but it is checksum-verified because it executes with full privileges on the machine that signs the release.	PB-SEC-14,PB-TOOL-1
com.android.tools.build.jetifier:jetifier-processor	Gradle build classpath only: resolved to CONFIGURE the build (the Android Gradle Plugin, the Kotlin plugin, lint and their closure). It runs on the build host and is never packaged into the APK, but it is checksum-verified because it executes with full privileges on the machine that signs the release.	PB-SEC-14,PB-TOOL-1
com.android.tools.build:aapt2	Gradle build classpath only: resolved to CONFIGURE the build (the Android Gradle Plugin, the Kotlin plugin, lint and their closure). It runs on the build host and is never packaged into the APK, but it is checksum-verified because it executes with full privileges on the machine that signs the release.	PB-SEC-14,PB-TOOL-1
com.android.tools.build:aapt2-proto	Gradle build classpath only: resolved to CONFIGURE the build (the Android Gradle Plugin, the Kotlin plugin, lint and their closure). It runs on the build host and is never packaged into the APK, but it is checksum-verified because it executes with full privileges on the machine that signs the release.	PB-SEC-14,PB-TOOL-1
com.android.tools.build:aaptcompiler	Gradle build classpath only: resolved to CONFIGURE the build (the Android Gradle Plugin, the Kotlin plugin, lint and their closure). It runs on the build host and is never packaged into the APK, but it is checksum-verified because it executes with full privileges on the machine that signs the release.	PB-SEC-14,PB-TOOL-1
com.android.tools.build:apksig	Gradle build classpath only: resolved to CONFIGURE the build (the Android Gradle Plugin, the Kotlin plugin, lint and their closure). It runs on the build host and is never packaged into the APK, but it is checksum-verified because it executes with full privileges on the machine that signs the release.	PB-SEC-14,PB-TOOL-1
com.android.tools.build:apkzlib	Gradle build classpath only: resolved to CONFIGURE the build (the Android Gradle Plugin, the Kotlin plugin, lint and their closure). It runs on the build host and is never packaged into the APK, but it is checksum-verified because it executes with full privileges on the machine that signs the release.	PB-SEC-14,PB-TOOL-1
com.android.tools.build:builder	Gradle build classpath only: resolved to CONFIGURE the build (the Android Gradle Plugin, the Kotlin plugin, lint and their closure). It runs on the build host and is never packaged into the APK, but it is checksum-verified because it executes with full privileges on the machine that signs the release.	PB-SEC-14,PB-TOOL-1
com.android.tools.build:builder-model	Gradle build classpath only: resolved to CONFIGURE the build (the Android Gradle Plugin, the Kotlin plugin, lint and their closure). It runs on the build host and is never packaged into the APK, but it is checksum-verified because it executes with full privileges on the machine that signs the release.	PB-SEC-14,PB-TOOL-1
com.android.tools.build:builder-test-api	Gradle build classpath only: resolved to CONFIGURE the build (the Android Gradle Plugin, the Kotlin plugin, lint and their closure). It runs on the build host and is never packaged into the APK, but it is checksum-verified because it executes with full privileges on the machine that signs the release.	PB-SEC-14,PB-TOOL-1
com.android.tools.build:bundletool	Gradle build classpath only: resolved to CONFIGURE the build (the Android Gradle Plugin, the Kotlin plugin, lint and their closure). It runs on the build host and is never packaged into the APK, but it is checksum-verified because it executes with full privileges on the machine that signs the release.	PB-SEC-14,PB-TOOL-1
com.android.tools.build:gradle	Gradle build classpath only: resolved to CONFIGURE the build (the Android Gradle Plugin, the Kotlin plugin, lint and their closure). It runs on the build host and is never packaged into the APK, but it is checksum-verified because it executes with full privileges on the machine that signs the release.	PB-SEC-14,PB-TOOL-1
com.android.tools.build:gradle-api	Gradle build classpath only: resolved to CONFIGURE the build (the Android Gradle Plugin, the Kotlin plugin, lint and their closure). It runs on the build host and is never packaged into the APK, but it is checksum-verified because it executes with full privileges on the machine that signs the release.	PB-SEC-14,PB-TOOL-1
com.android.tools.build:gradle-common-api	Gradle build classpath only: resolved to CONFIGURE the build (the Android Gradle Plugin, the Kotlin plugin, lint and their closure). It runs on the build host and is never packaged into the APK, but it is checksum-verified because it executes with full privileges on the machine that signs the release.	PB-SEC-14,PB-TOOL-1
com.android.tools.build:gradle-settings-api	Gradle build classpath only: resolved to CONFIGURE the build (the Android Gradle Plugin, the Kotlin plugin, lint and their closure). It runs on the build host and is never packaged into the APK, but it is checksum-verified because it executes with full privileges on the machine that signs the release.	PB-SEC-14,PB-TOOL-1
com.android.tools.build:manifest-merger	Gradle build classpath only: resolved to CONFIGURE the build (the Android Gradle Plugin, the Kotlin plugin, lint and their closure). It runs on the build host and is never packaged into the APK, but it is checksum-verified because it executes with full privileges on the machine that signs the release.	PB-SEC-14,PB-TOOL-1
com.android.tools.build:transform-api	Gradle build classpath only: resolved to CONFIGURE the build (the Android Gradle Plugin, the Kotlin plugin, lint and their closure). It runs on the build host and is never packaged into the APK, but it is checksum-verified because it executes with full privileges on the machine that signs the release.	PB-SEC-14,PB-TOOL-1
com.android.tools.ddms:ddmlib	Test classpath only (the junit, Robolectric and androidx.test closure). It is on no runtime classpath of any variant, so it is never packaged into the APK.	PB-TOOL-6
com.android.tools.emulator:proto	Test classpath only (the junit, Robolectric and androidx.test closure). It is on no runtime classpath of any variant, so it is never packaged into the APK.	PB-TOOL-6
com.android.tools.external.com-intellij:intellij-core	Gradle build classpath only: resolved to CONFIGURE the build (the Android Gradle Plugin, the Kotlin plugin, lint and their closure). It runs on the build host and is never packaged into the APK, but it is checksum-verified because it executes with full privileges on the machine that signs the release.	PB-SEC-14,PB-TOOL-1
com.android.tools.external.com-intellij:kotlin-compiler	Gradle build classpath only: resolved to CONFIGURE the build (the Android Gradle Plugin, the Kotlin plugin, lint and their closure). It runs on the build host and is never packaged into the APK, but it is checksum-verified because it executes with full privileges on the machine that signs the release.	PB-SEC-14,PB-TOOL-1
com.android.tools.external.org-jetbrains:uast	Gradle build classpath only: resolved to CONFIGURE the build (the Android Gradle Plugin, the Kotlin plugin, lint and their closure). It runs on the build host and is never packaged into the APK, but it is checksum-verified because it executes with full privileges on the machine that signs the release.	PB-SEC-14,PB-TOOL-1
com.android.tools.layoutlib:layoutlib-api	Gradle build classpath only: resolved to CONFIGURE the build (the Android Gradle Plugin, the Kotlin plugin, lint and their closure). It runs on the build host and is never packaged into the APK, but it is checksum-verified because it executes with full privileges on the machine that signs the release.	PB-SEC-14,PB-TOOL-1
com.android.tools.lint:lint	Gradle build classpath only: resolved to CONFIGURE the build (the Android Gradle Plugin, the Kotlin plugin, lint and their closure). It runs on the build host and is never packaged into the APK, but it is checksum-verified because it executes with full privileges on the machine that signs the release.	PB-SEC-14,PB-TOOL-1
com.android.tools.lint:lint-api	Gradle build classpath only: resolved to CONFIGURE the build (the Android Gradle Plugin, the Kotlin plugin, lint and their closure). It runs on the build host and is never packaged into the APK, but it is checksum-verified because it executes with full privileges on the machine that signs the release.	PB-SEC-14,PB-TOOL-1
com.android.tools.lint:lint-checks	Gradle build classpath only: resolved to CONFIGURE the build (the Android Gradle Plugin, the Kotlin plugin, lint and their closure). It runs on the build host and is never packaged into the APK, but it is checksum-verified because it executes with full privileges on the machine that signs the release.	PB-SEC-14,PB-TOOL-1
com.android.tools.lint:lint-gradle	Gradle build classpath only: resolved to CONFIGURE the build (the Android Gradle Plugin, the Kotlin plugin, lint and their closure). It runs on the build host and is never packaged into the APK, but it is checksum-verified because it executes with full privileges on the machine that signs the release.	PB-SEC-14,PB-TOOL-1
com.android.tools.lint:lint-model	Gradle build classpath only: resolved to CONFIGURE the build (the Android Gradle Plugin, the Kotlin plugin, lint and their closure). It runs on the build host and is never packaged into the APK, but it is checksum-verified because it executes with full privileges on the machine that signs the release.	PB-SEC-14,PB-TOOL-1
com.android.tools.lint:lint-typedef-remover	Gradle build classpath only: resolved to CONFIGURE the build (the Android Gradle Plugin, the Kotlin plugin, lint and their closure). It runs on the build host and is never packaged into the APK, but it is checksum-verified because it executes with full privileges on the machine that signs the release.	PB-SEC-14,PB-TOOL-1
com.android.tools.utp:android-device-provider-ddmlib	Test classpath only (the junit, Robolectric and androidx.test closure). It is on no runtime classpath of any variant, so it is never packaged into the APK.	PB-TOOL-6
com.android.tools.utp:android-device-provider-ddmlib-proto	Test classpath only (the junit, Robolectric and androidx.test closure). It is on no runtime classpath of any variant, so it is never packaged into the APK.	PB-TOOL-6
com.android.tools.utp:android-device-provider-profile	Test classpath only (the junit, Robolectric and androidx.test closure). It is on no runtime classpath of any variant, so it is never packaged into the APK.	PB-TOOL-6
com.android.tools.utp:android-device-provider-profile-proto	Test classpath only (the junit, Robolectric and androidx.test closure). It is on no runtime classpath of any variant, so it is never packaged into the APK.	PB-TOOL-6
com.android.tools.utp:android-test-plugin-host-additional-test-output	Test classpath only (the junit, Robolectric and androidx.test closure). It is on no runtime classpath of any variant, so it is never packaged into the APK.	PB-TOOL-6
com.android.tools.utp:android-test-plugin-host-additional-test-output-proto	Test classpath only (the junit, Robolectric and androidx.test closure). It is on no runtime classpath of any variant, so it is never packaged into the APK.	PB-TOOL-6
com.android.tools.utp:android-test-plugin-host-apk-installer	Test classpath only (the junit, Robolectric and androidx.test closure). It is on no runtime classpath of any variant, so it is never packaged into the APK.	PB-TOOL-6
com.android.tools.utp:android-test-plugin-host-apk-installer-proto	Test classpath only (the junit, Robolectric and androidx.test closure). It is on no runtime classpath of any variant, so it is never packaged into the APK.	PB-TOOL-6
com.android.tools.utp:android-test-plugin-host-coverage	Test classpath only (the junit, Robolectric and androidx.test closure). It is on no runtime classpath of any variant, so it is never packaged into the APK.	PB-TOOL-6
com.android.tools.utp:android-test-plugin-host-coverage-proto	Test classpath only (the junit, Robolectric and androidx.test closure). It is on no runtime classpath of any variant, so it is never packaged into the APK.	PB-TOOL-6
com.android.tools.utp:android-test-plugin-host-device-info	Test classpath only (the junit, Robolectric and androidx.test closure). It is on no runtime classpath of any variant, so it is never packaged into the APK.	PB-TOOL-6
com.android.tools.utp:android-test-plugin-host-device-info-proto	Test classpath only (the junit, Robolectric and androidx.test closure). It is on no runtime classpath of any variant, so it is never packaged into the APK.	PB-TOOL-6
com.android.tools.utp:android-test-plugin-host-emulator-control	Test classpath only (the junit, Robolectric and androidx.test closure). It is on no runtime classpath of any variant, so it is never packaged into the APK.	PB-TOOL-6
com.android.tools.utp:android-test-plugin-host-emulator-control-proto	Test classpath only (the junit, Robolectric and androidx.test closure). It is on no runtime classpath of any variant, so it is never packaged into the APK.	PB-TOOL-6
com.android.tools.utp:android-test-plugin-host-logcat	Test classpath only (the junit, Robolectric and androidx.test closure). It is on no runtime classpath of any variant, so it is never packaged into the APK.	PB-TOOL-6
com.android.tools.utp:android-test-plugin-host-logcat-proto	Test classpath only (the junit, Robolectric and androidx.test closure). It is on no runtime classpath of any variant, so it is never packaged into the APK.	PB-TOOL-6
com.android.tools.utp:android-test-plugin-result-listener-gradle	Test classpath only (the junit, Robolectric and androidx.test closure). It is on no runtime classpath of any variant, so it is never packaged into the APK.	PB-TOOL-6
com.android.tools.utp:android-test-plugin-result-listener-gradle-proto	Test classpath only (the junit, Robolectric and androidx.test closure). It is on no runtime classpath of any variant, so it is never packaged into the APK.	PB-TOOL-6
com.android.tools.utp:utp-common	Test classpath only (the junit, Robolectric and androidx.test closure). It is on no runtime classpath of any variant, so it is never packaged into the APK.	PB-TOOL-6
com.android.tools:annotations	Test classpath only (the junit, Robolectric and androidx.test closure). It is on no runtime classpath of any variant, so it is never packaged into the APK.	PB-TOOL-6
com.android.tools:common	Test classpath only (the junit, Robolectric and androidx.test closure). It is on no runtime classpath of any variant, so it is never packaged into the APK.	PB-TOOL-6
com.android.tools:dvlib	Gradle build classpath only: resolved to CONFIGURE the build (the Android Gradle Plugin, the Kotlin plugin, lint and their closure). It runs on the build host and is never packaged into the APK, but it is checksum-verified because it executes with full privileges on the machine that signs the release.	PB-SEC-14,PB-TOOL-1
com.android.tools:play-sdk-proto	Gradle build classpath only: resolved to CONFIGURE the build (the Android Gradle Plugin, the Kotlin plugin, lint and their closure). It runs on the build host and is never packaged into the APK, but it is checksum-verified because it executes with full privileges on the machine that signs the release.	PB-SEC-14,PB-TOOL-1
com.android.tools:repository	Gradle build classpath only: resolved to CONFIGURE the build (the Android Gradle Plugin, the Kotlin plugin, lint and their closure). It runs on the build host and is never packaged into the APK, but it is checksum-verified because it executes with full privileges on the machine that signs the release.	PB-SEC-14,PB-TOOL-1
com.android.tools:sdk-common	Gradle build classpath only: resolved to CONFIGURE the build (the Android Gradle Plugin, the Kotlin plugin, lint and their closure). It runs on the build host and is never packaged into the APK, but it is checksum-verified because it executes with full privileges on the machine that signs the release.	PB-SEC-14,PB-TOOL-1
com.android.tools:sdklib	Gradle build classpath only: resolved to CONFIGURE the build (the Android Gradle Plugin, the Kotlin plugin, lint and their closure). It runs on the build host and is never packaged into the APK, but it is checksum-verified because it executes with full privileges on the machine that signs the release.	PB-SEC-14,PB-TOOL-1
com.android:signflinger	Gradle build classpath only: resolved to CONFIGURE the build (the Android Gradle Plugin, the Kotlin plugin, lint and their closure). It runs on the build host and is never packaged into the APK, but it is checksum-verified because it executes with full privileges on the machine that signs the release.	PB-SEC-14,PB-TOOL-1
com.android:zipflinger	Gradle build classpath only: resolved to CONFIGURE the build (the Android Gradle Plugin, the Kotlin plugin, lint and their closure). It runs on the build host and is never packaged into the APK, but it is checksum-verified because it executes with full privileges on the machine that signs the release.	PB-SEC-14,PB-TOOL-1
com.google.android.datatransport:transport-api	Ships in the APK. Pulled in transitively by com.google.firebase:firebase-messaging: it is part of the Play Services / Firebase client stack that com.google.firebase:firebase-messaging drags in, which is the cost PB-PUSH-9 accepts and PB-PAIR-3 refused to pay twice. It is not an analytics or crash-reporting module.	PB-PUSH-9,PB-SEC-8
com.google.android.datatransport:transport-backend-cct	Ships in the APK. Pulled in transitively by com.google.firebase:firebase-messaging: it is part of the Play Services / Firebase client stack that com.google.firebase:firebase-messaging drags in, which is the cost PB-PUSH-9 accepts and PB-PAIR-3 refused to pay twice. It is not an analytics or crash-reporting module.	PB-PUSH-9,PB-SEC-8
com.google.android.datatransport:transport-runtime	Ships in the APK. Pulled in transitively by com.google.firebase:firebase-messaging: it is part of the Play Services / Firebase client stack that com.google.firebase:firebase-messaging drags in, which is the cost PB-PUSH-9 accepts and PB-PAIR-3 refused to pay twice. It is not an analytics or crash-reporting module.	PB-PUSH-9,PB-SEC-8
com.google.android.play:core-common	Ships in the APK. Minimal common runtime pulled by the Play Integrity SDK; it supports the asynchronous Standard API token boundary and is not analytics, advertising, crash reporting, or dynamic feature delivery.	PG-AUTH-11,PB-SEC-8
com.google.android.play:integrity	Ships in the APK and is named directly. It is the Google Play Integrity Standard API client used only to bind installation registration to the licensed PLAY_RECOGNIZED dev.swarm.phone build; unavailable or refused integrity leaves push foreground-only.	PG-AUTH-11,PG-AUTH-13,PB-SEC-8
com.google.android.gms:play-services-base	Ships in the APK. Pulled in transitively by com.google.firebase:firebase-messaging: it is part of the Play Services / Firebase client stack that com.google.firebase:firebase-messaging drags in, which is the cost PB-PUSH-9 accepts and PB-PAIR-3 refused to pay twice. It is not an analytics or crash-reporting module.	PB-PUSH-9,PB-SEC-8
com.google.android.gms:play-services-basement	Ships in the APK. Pulled in transitively by com.google.firebase:firebase-messaging: it is part of the Play Services / Firebase client stack that com.google.firebase:firebase-messaging drags in, which is the cost PB-PUSH-9 accepts and PB-PAIR-3 refused to pay twice. It is not an analytics or crash-reporting module.	PB-PUSH-9,PB-SEC-8
com.google.android.gms:play-services-cloud-messaging	Ships in the APK. Pulled in transitively by com.google.firebase:firebase-messaging: it is part of the Play Services / Firebase client stack that com.google.firebase:firebase-messaging drags in, which is the cost PB-PUSH-9 accepts and PB-PAIR-3 refused to pay twice. It is not an analytics or crash-reporting module.	PB-PUSH-9,PB-SEC-8
com.google.android.gms:play-services-stats	Ships in the APK. Pulled in transitively by com.google.firebase:firebase-messaging: it is part of the Play Services / Firebase client stack that com.google.firebase:firebase-messaging drags in, which is the cost PB-PUSH-9 accepts and PB-PAIR-3 refused to pay twice. It is not an analytics or crash-reporting module.	PB-PUSH-9,PB-SEC-8
com.google.android.gms:play-services-tasks	Ships in the APK. Pulled in transitively by com.google.firebase:firebase-messaging: it is part of the Play Services / Firebase client stack that com.google.firebase:firebase-messaging drags in, which is the cost PB-PUSH-9 accepts and PB-PAIR-3 refused to pay twice. It is not an analytics or crash-reporting module.	PB-PUSH-9,PB-SEC-8
com.google.android.gms:strict-version-matcher-plugin	Gradle build classpath only: transitive dependency of com.google.gms:google-services (its Play Services version-consistency checker). Resolved on every build -- including CI's plugin-absent shape -- because the plugin pin lives on the root build classpath; runs on the build host and is never packaged into the APK. Checksum-verified like the rest of that classpath.	PB-PUSH-9,PB-SEC-14
com.google.android:annotations	Test classpath only (the junit, Robolectric and androidx.test closure). It is on no runtime classpath of any variant, so it is never packaged into the APK.	PB-TOOL-6
com.google.api.grpc:proto-google-common-protos	Test classpath only (the junit, Robolectric and androidx.test closure). It is on no runtime classpath of any variant, so it is never packaged into the APK.	PB-TOOL-6
com.google.auto.service:auto-service	Test classpath only (the junit, Robolectric and androidx.test closure). It is on no runtime classpath of any variant, so it is never packaged into the APK.	PB-TOOL-6
com.google.auto.service:auto-service-aggregator	Gradle build classpath only: resolved to CONFIGURE the build (the Android Gradle Plugin, the Kotlin plugin, lint and their closure). It runs on the build host and is never packaged into the APK, but it is checksum-verified because it executes with full privileges on the machine that signs the release.	PB-SEC-14,PB-TOOL-1
com.google.auto.service:auto-service-annotations	Test classpath only (the junit, Robolectric and androidx.test closure). It is on no runtime classpath of any variant, so it is never packaged into the APK.	PB-TOOL-6
com.google.auto.value:auto-value-annotations	Test classpath only (the junit, Robolectric and androidx.test closure). It is on no runtime classpath of any variant, so it is never packaged into the APK.	PB-TOOL-6
com.google.auto.value:auto-value-parent	Gradle build classpath only: resolved to CONFIGURE the build (the Android Gradle Plugin, the Kotlin plugin, lint and their closure). It runs on the build host and is never packaged into the APK, but it is checksum-verified because it executes with full privileges on the machine that signs the release.	PB-SEC-14,PB-TOOL-1
com.google.auto:auto-common	Test classpath only (the junit, Robolectric and androidx.test closure). It is on no runtime classpath of any variant, so it is never packaged into the APK.	PB-TOOL-6
com.google.auto:auto-parent	Gradle build classpath only: resolved to CONFIGURE the build (the Android Gradle Plugin, the Kotlin plugin, lint and their closure). It runs on the build host and is never packaged into the APK, but it is checksum-verified because it executes with full privileges on the machine that signs the release.	PB-SEC-14,PB-TOOL-1
com.google.code.findbugs:jsr305	Test classpath only (the junit, Robolectric and androidx.test closure). It is on no runtime classpath of any variant, so it is never packaged into the APK.	PB-TOOL-6
com.google.code.gson:gson	Test classpath only (the junit, Robolectric and androidx.test closure). It is on no runtime classpath of any variant, so it is never packaged into the APK.	PB-TOOL-6
com.google.code.gson:gson-parent	Gradle build classpath only: resolved to CONFIGURE the build (the Android Gradle Plugin, the Kotlin plugin, lint and their closure). It runs on the build host and is never packaged into the APK, but it is checksum-verified because it executes with full privileges on the machine that signs the release.	PB-SEC-14,PB-TOOL-1
com.google.crypto.tink:tink	Test classpath only (the junit, Robolectric and androidx.test closure). It is on no runtime classpath of any variant, so it is never packaged into the APK.	PB-TOOL-6
com.google.dagger:dagger	Test classpath only (the junit, Robolectric and androidx.test closure). It is on no runtime classpath of any variant, so it is never packaged into the APK.	PB-TOOL-6
com.google.errorprone:error_prone_annotation	Test classpath only (the junit, Robolectric and androidx.test closure). It is on no runtime classpath of any variant, so it is never packaged into the APK.	PB-TOOL-6
com.google.errorprone:error_prone_annotations	Ships in the APK. Pulled in transitively by com.google.firebase:firebase-messaging; no source in this module names it directly.	PB-SEC-8
com.google.errorprone:error_prone_parent	Gradle build classpath only: resolved to CONFIGURE the build (the Android Gradle Plugin, the Kotlin plugin, lint and their closure). It runs on the build host and is never packaged into the APK, but it is checksum-verified because it executes with full privileges on the machine that signs the release.	PB-SEC-14,PB-TOOL-1
com.google.firebase:firebase-annotations	Ships in the APK. Pulled in transitively by com.google.firebase:firebase-messaging: it is part of the Play Services / Firebase client stack that com.google.firebase:firebase-messaging drags in, which is the cost PB-PUSH-9 accepts and PB-PAIR-3 refused to pay twice. It is not an analytics or crash-reporting module.	PB-PUSH-9,PB-SEC-8
com.google.firebase:firebase-common	Ships in the APK. Pulled in transitively by com.google.firebase:firebase-messaging: it is part of the Play Services / Firebase client stack that com.google.firebase:firebase-messaging drags in, which is the cost PB-PUSH-9 accepts and PB-PAIR-3 refused to pay twice. It is not an analytics or crash-reporting module.	PB-PUSH-9,PB-SEC-8
com.google.firebase:firebase-common-ktx	Ships in the APK. Pulled in transitively by com.google.firebase:firebase-messaging: it is part of the Play Services / Firebase client stack that com.google.firebase:firebase-messaging drags in, which is the cost PB-PUSH-9 accepts and PB-PAIR-3 refused to pay twice. It is not an analytics or crash-reporting module.	PB-PUSH-9,PB-SEC-8
com.google.firebase:firebase-components	Ships in the APK. Pulled in transitively by com.google.firebase:firebase-messaging: it is part of the Play Services / Firebase client stack that com.google.firebase:firebase-messaging drags in, which is the cost PB-PUSH-9 accepts and PB-PAIR-3 refused to pay twice. It is not an analytics or crash-reporting module.	PB-PUSH-9,PB-SEC-8
com.google.firebase:firebase-datatransport	Ships in the APK. Pulled in transitively by com.google.firebase:firebase-messaging: it is part of the Play Services / Firebase client stack that com.google.firebase:firebase-messaging drags in, which is the cost PB-PUSH-9 accepts and PB-PAIR-3 refused to pay twice. It is not an analytics or crash-reporting module.	PB-PUSH-9,PB-SEC-8
com.google.firebase:firebase-encoders	Ships in the APK. Pulled in transitively by com.google.firebase:firebase-messaging: it is part of the Play Services / Firebase client stack that com.google.firebase:firebase-messaging drags in, which is the cost PB-PUSH-9 accepts and PB-PAIR-3 refused to pay twice. It is not an analytics or crash-reporting module.	PB-PUSH-9,PB-SEC-8
com.google.firebase:firebase-encoders-json	Ships in the APK. Pulled in transitively by com.google.firebase:firebase-messaging: it is part of the Play Services / Firebase client stack that com.google.firebase:firebase-messaging drags in, which is the cost PB-PUSH-9 accepts and PB-PAIR-3 refused to pay twice. It is not an analytics or crash-reporting module.	PB-PUSH-9,PB-SEC-8
com.google.firebase:firebase-encoders-proto	Ships in the APK. Pulled in transitively by com.google.firebase:firebase-messaging: it is part of the Play Services / Firebase client stack that com.google.firebase:firebase-messaging drags in, which is the cost PB-PUSH-9 accepts and PB-PAIR-3 refused to pay twice. It is not an analytics or crash-reporting module.	PB-PUSH-9,PB-SEC-8
com.google.firebase:firebase-iid-interop	Ships in the APK. Pulled in transitively by com.google.firebase:firebase-messaging: it is part of the Play Services / Firebase client stack that com.google.firebase:firebase-messaging drags in, which is the cost PB-PUSH-9 accepts and PB-PAIR-3 refused to pay twice. It is not an analytics or crash-reporting module.	PB-PUSH-9,PB-SEC-8
com.google.firebase:firebase-installations	Ships in the APK. Pulled in transitively by com.google.firebase:firebase-messaging: it is part of the Play Services / Firebase client stack that com.google.firebase:firebase-messaging drags in, which is the cost PB-PUSH-9 accepts and PB-PAIR-3 refused to pay twice. It is not an analytics or crash-reporting module.	PB-PUSH-9,PB-SEC-8
com.google.firebase:firebase-installations-interop	Ships in the APK. Pulled in transitively by com.google.firebase:firebase-messaging: it is part of the Play Services / Firebase client stack that com.google.firebase:firebase-messaging drags in, which is the cost PB-PUSH-9 accepts and PB-PAIR-3 refused to pay twice. It is not an analytics or crash-reporting module.	PB-PUSH-9,PB-SEC-8
com.google.firebase:firebase-measurement-connector	Ships in the APK. Pulled in transitively by com.google.firebase:firebase-messaging: it is part of the Play Services / Firebase client stack that com.google.firebase:firebase-messaging drags in, which is the cost PB-PUSH-9 accepts and PB-PAIR-3 refused to pay twice. It is not an analytics or crash-reporting module.	PB-PUSH-9,PB-SEC-8
com.google.firebase:firebase-messaging	The ONLY way this app can be woken while backgrounded, and the class SwarmMessagingService extends. Its cost is the Play Services client stack: it pulls com.google.android.gms play-services-basement, -base, -tasks, -stats and -cloud-messaging plus the datatransport modules into the APK, which is why the resolved closure is not three modules. PB-PAIR-3 rejected ML Kit on exactly these grounds; this dependency is accepted because PB-PUSH-9 has no alternative, and firebase-analytics, -crashlytics and -perf are all absent.	PB-PUSH-9,PB-PUSH-4,PB-PAIR-3
com.google.flatbuffers:flatbuffers-java	Gradle build classpath only: resolved to CONFIGURE the build (the Android Gradle Plugin, the Kotlin plugin, lint and their closure). It runs on the build host and is never packaged into the APK, but it is checksum-verified because it executes with full privileges on the machine that signs the release.	PB-SEC-14,PB-TOOL-1
com.google.gms.google-services:com.google.gms.google-services.gradle.plugin	Plugin marker POM for com.google.gms:google-services, resolved so the plugins-DSL pin in the root build script can locate that module. It carries no artifact, so nothing of it is packaged; it is checksum-verified because the metadata is what decides which bytes are.	PB-SEC-14
com.google.gms:google-services	Gradle build classpath only: the google-services plugin R3 (ADR-015) applies CONDITIONALLY in app/build.gradle.kts -- only when the operator's gitignored android/app/google-services.json exists locally -- to process the production Firebase config into resources so FirebaseApp can initialise and SwarmMessagingService receives a wake. Version pinned on the root build classpath, so it resolves on every build including CI's plugin-absent shape; runs on the build host and is never packaged into the APK.	PB-PUSH-9,PB-SEC-14
com.google.guava:failureaccess	Test classpath only (the junit, Robolectric and androidx.test closure). It is on no runtime classpath of any variant, so it is never packaged into the APK.	PB-TOOL-6
com.google.guava:guava	Test classpath only (the junit, Robolectric and androidx.test closure). It is on no runtime classpath of any variant, so it is never packaged into the APK.	PB-TOOL-6
com.google.guava:guava-parent	Gradle build classpath only: resolved to CONFIGURE the build (the Android Gradle Plugin, the Kotlin plugin, lint and their closure). It runs on the build host and is never packaged into the APK, but it is checksum-verified because it executes with full privileges on the machine that signs the release.	PB-SEC-14,PB-TOOL-1
com.google.guava:listenablefuture	Ships in the APK. Pulled in transitively by androidx.appcompat:appcompat; no source in this module names it directly.	PB-SEC-8
com.google.j2objc:j2objc-annotations	Test classpath only (the junit, Robolectric and androidx.test closure). It is on no runtime classpath of any variant, so it is never packaged into the APK.	PB-TOOL-6
com.google.jimfs:jimfs	Gradle build classpath only: resolved to CONFIGURE the build (the Android Gradle Plugin, the Kotlin plugin, lint and their closure). It runs on the build host and is never packaged into the APK, but it is checksum-verified because it executes with full privileges on the machine that signs the release.	PB-SEC-14,PB-TOOL-1
com.google.jimfs:jimfs-parent	Gradle build classpath only: resolved to CONFIGURE the build (the Android Gradle Plugin, the Kotlin plugin, lint and their closure). It runs on the build host and is never packaged into the APK, but it is checksum-verified because it executes with full privileges on the machine that signs the release.	PB-SEC-14,PB-TOOL-1
com.google.protobuf:protobuf-bom	Gradle build classpath only: resolved to CONFIGURE the build (the Android Gradle Plugin, the Kotlin plugin, lint and their closure). It runs on the build host and is never packaged into the APK, but it is checksum-verified because it executes with full privileges on the machine that signs the release.	PB-SEC-14,PB-TOOL-1
com.google.protobuf:protobuf-java	Test classpath only (the junit, Robolectric and androidx.test closure). It is on no runtime classpath of any variant, so it is never packaged into the APK.	PB-TOOL-6
com.google.protobuf:protobuf-java-util	Test classpath only (the junit, Robolectric and androidx.test closure). It is on no runtime classpath of any variant, so it is never packaged into the APK.	PB-TOOL-6
com.google.protobuf:protobuf-kotlin	Test classpath only (the junit, Robolectric and androidx.test closure). It is on no runtime classpath of any variant, so it is never packaged into the APK.	PB-TOOL-6
com.google.protobuf:protobuf-parent	Gradle build classpath only: resolved to CONFIGURE the build (the Android Gradle Plugin, the Kotlin plugin, lint and their closure). It runs on the build host and is never packaged into the APK, but it is checksum-verified because it executes with full privileges on the machine that signs the release.	PB-SEC-14,PB-TOOL-1
com.google.testing.platform:android-device-provider-local	Test classpath only (the junit, Robolectric and androidx.test closure). It is on no runtime classpath of any variant, so it is never packaged into the APK.	PB-TOOL-6
com.google.testing.platform:android-driver-instrumentation	Test classpath only (the junit, Robolectric and androidx.test closure). It is on no runtime classpath of any variant, so it is never packaged into the APK.	PB-TOOL-6
com.google.testing.platform:android-test-plugin	Test classpath only (the junit, Robolectric and androidx.test closure). It is on no runtime classpath of any variant, so it is never packaged into the APK.	PB-TOOL-6
com.google.testing.platform:core	Test classpath only (the junit, Robolectric and androidx.test closure). It is on no runtime classpath of any variant, so it is never packaged into the APK.	PB-TOOL-6
com.google.testing.platform:core-proto	Test classpath only (the junit, Robolectric and androidx.test closure). It is on no runtime classpath of any variant, so it is never packaged into the APK.	PB-TOOL-6
com.google.testing.platform:launcher	Test classpath only (the junit, Robolectric and androidx.test closure). It is on no runtime classpath of any variant, so it is never packaged into the APK.	PB-TOOL-6
com.google.testparameterinjector:test-parameter-injector	Test classpath only (the junit, Robolectric and androidx.test closure). It is on no runtime classpath of any variant, so it is never packaged into the APK.	PB-TOOL-6
com.google.testparameterinjector:test-parameter-injector-parent	Gradle build classpath only: resolved to CONFIGURE the build (the Android Gradle Plugin, the Kotlin plugin, lint and their closure). It runs on the build host and is never packaged into the APK, but it is checksum-verified because it executes with full privileges on the machine that signs the release.	PB-SEC-14,PB-TOOL-1
com.google.zxing:core	Ships in the APK. The QR decoder PB-PAIR-3 asks for and ADR-007 B21 chose: pure Java, Apache-2.0, ZERO transitive dependencies, and fully inside the artifact the release key signs -- which is the property it was chosen for over ML Kit, whose decode advantage is real but arrives as a closed native blob.	PB-PAIR-3,PB-SEC-14
com.google.zxing:zxing-parent	Parent POM of com.google.zxing:core, resolved to read that module's metadata. It carries no artifact, so nothing of it is packaged; it is checksum-verified because the metadata is what decides which bytes are.	PB-SEC-14
com.googlecode.juniversalchardet:juniversalchardet	Gradle build classpath only: resolved to CONFIGURE the build (the Android Gradle Plugin, the Kotlin plugin, lint and their closure). It runs on the build host and is never packaged into the APK, but it is checksum-verified because it executes with full privileges on the machine that signs the release.	PB-SEC-14,PB-TOOL-1
com.ibm.icu:icu4j	Test classpath only (the junit, Robolectric and androidx.test closure). It is on no runtime classpath of any variant, so it is never packaged into the APK.	PB-TOOL-6
com.squareup:javapoet	Gradle build classpath only: resolved to CONFIGURE the build (the Android Gradle Plugin, the Kotlin plugin, lint and their closure). It runs on the build host and is never packaged into the APK, but it is checksum-verified because it executes with full privileges on the machine that signs the release.	PB-SEC-14,PB-TOOL-1
com.squareup:javawriter	Gradle build classpath only: resolved to CONFIGURE the build (the Android Gradle Plugin, the Kotlin plugin, lint and their closure). It runs on the build host and is never packaged into the APK, but it is checksum-verified because it executes with full privileges on the machine that signs the release.	PB-SEC-14,PB-TOOL-1
com.sun.activation:all	Gradle build classpath only: resolved to CONFIGURE the build (the Android Gradle Plugin, the Kotlin plugin, lint and their closure). It runs on the build host and is never packaged into the APK, but it is checksum-verified because it executes with full privileges on the machine that signs the release.	PB-SEC-14,PB-TOOL-1
com.sun.activation:javax.activation	Gradle build classpath only: resolved to CONFIGURE the build (the Android Gradle Plugin, the Kotlin plugin, lint and their closure). It runs on the build host and is never packaged into the APK, but it is checksum-verified because it executes with full privileges on the machine that signs the release.	PB-SEC-14,PB-TOOL-1
com.sun.istack:istack-commons	Gradle build classpath only: resolved to CONFIGURE the build (the Android Gradle Plugin, the Kotlin plugin, lint and their closure). It runs on the build host and is never packaged into the APK, but it is checksum-verified because it executes with full privileges on the machine that signs the release.	PB-SEC-14,PB-TOOL-1
com.sun.istack:istack-commons-runtime	Gradle build classpath only: resolved to CONFIGURE the build (the Android Gradle Plugin, the Kotlin plugin, lint and their closure). It runs on the build host and is never packaged into the APK, but it is checksum-verified because it executes with full privileges on the machine that signs the release.	PB-SEC-14,PB-TOOL-1
com.sun.xml.bind.mvn:jaxb-parent	Gradle build classpath only: resolved to CONFIGURE the build (the Android Gradle Plugin, the Kotlin plugin, lint and their closure). It runs on the build host and is never packaged into the APK, but it is checksum-verified because it executes with full privileges on the machine that signs the release.	PB-SEC-14,PB-TOOL-1
com.sun.xml.bind.mvn:jaxb-runtime-parent	Gradle build classpath only: resolved to CONFIGURE the build (the Android Gradle Plugin, the Kotlin plugin, lint and their closure). It runs on the build host and is never packaged into the APK, but it is checksum-verified because it executes with full privileges on the machine that signs the release.	PB-SEC-14,PB-TOOL-1
com.sun.xml.bind.mvn:jaxb-txw-parent	Gradle build classpath only: resolved to CONFIGURE the build (the Android Gradle Plugin, the Kotlin plugin, lint and their closure). It runs on the build host and is never packaged into the APK, but it is checksum-verified because it executes with full privileges on the machine that signs the release.	PB-SEC-14,PB-TOOL-1
com.sun.xml.bind:jaxb-bom-ext	Gradle build classpath only: resolved to CONFIGURE the build (the Android Gradle Plugin, the Kotlin plugin, lint and their closure). It runs on the build host and is never packaged into the APK, but it is checksum-verified because it executes with full privileges on the machine that signs the release.	PB-SEC-14,PB-TOOL-1
com.sun.xml.fastinfoset:FastInfoset	Gradle build classpath only: resolved to CONFIGURE the build (the Android Gradle Plugin, the Kotlin plugin, lint and their closure). It runs on the build host and is never packaged into the APK, but it is checksum-verified because it executes with full privileges on the machine that signs the release.	PB-SEC-14,PB-TOOL-1
com.sun.xml.fastinfoset:fastinfoset-project	Gradle build classpath only: resolved to CONFIGURE the build (the Android Gradle Plugin, the Kotlin plugin, lint and their closure). It runs on the build host and is never packaged into the APK, but it is checksum-verified because it executes with full privileges on the machine that signs the release.	PB-SEC-14,PB-TOOL-1
commons-codec:commons-codec	Gradle build classpath only: resolved to CONFIGURE the build (the Android Gradle Plugin, the Kotlin plugin, lint and their closure). It runs on the build host and is never packaged into the APK, but it is checksum-verified because it executes with full privileges on the machine that signs the release.	PB-SEC-14,PB-TOOL-1
commons-io:commons-io	Test classpath only (the junit, Robolectric and androidx.test closure). It is on no runtime classpath of any variant, so it is never packaged into the APK.	PB-TOOL-6
commons-logging:commons-logging	Gradle build classpath only: resolved to CONFIGURE the build (the Android Gradle Plugin, the Kotlin plugin, lint and their closure). It runs on the build host and is never packaged into the APK, but it is checksum-verified because it executes with full privileges on the machine that signs the release.	PB-SEC-14,PB-TOOL-1
io.github.java-diff-utils:java-diff-utils	Test classpath only (the junit, Robolectric and androidx.test closure). It is on no runtime classpath of any variant, so it is never packaged into the APK.	PB-TOOL-6
io.github.java-diff-utils:java-diff-utils-parent	Gradle build classpath only: resolved to CONFIGURE the build (the Android Gradle Plugin, the Kotlin plugin, lint and their closure). It runs on the build host and is never packaged into the APK, but it is checksum-verified because it executes with full privileges on the machine that signs the release.	PB-SEC-14,PB-TOOL-1
io.grpc:grpc-api	Test classpath only (the junit, Robolectric and androidx.test closure). It is on no runtime classpath of any variant, so it is never packaged into the APK.	PB-TOOL-6
io.grpc:grpc-context	Test classpath only (the junit, Robolectric and androidx.test closure). It is on no runtime classpath of any variant, so it is never packaged into the APK.	PB-TOOL-6
io.grpc:grpc-core	Test classpath only (the junit, Robolectric and androidx.test closure). It is on no runtime classpath of any variant, so it is never packaged into the APK.	PB-TOOL-6
io.grpc:grpc-inprocess	Test classpath only (the junit, Robolectric and androidx.test closure). It is on no runtime classpath of any variant, so it is never packaged into the APK.	PB-TOOL-6
io.grpc:grpc-netty	Test classpath only (the junit, Robolectric and androidx.test closure). It is on no runtime classpath of any variant, so it is never packaged into the APK.	PB-TOOL-6
io.grpc:grpc-protobuf	Test classpath only (the junit, Robolectric and androidx.test closure). It is on no runtime classpath of any variant, so it is never packaged into the APK.	PB-TOOL-6
io.grpc:grpc-protobuf-lite	Test classpath only (the junit, Robolectric and androidx.test closure). It is on no runtime classpath of any variant, so it is never packaged into the APK.	PB-TOOL-6
io.grpc:grpc-services	Test classpath only (the junit, Robolectric and androidx.test closure). It is on no runtime classpath of any variant, so it is never packaged into the APK.	PB-TOOL-6
io.grpc:grpc-stub	Test classpath only (the junit, Robolectric and androidx.test closure). It is on no runtime classpath of any variant, so it is never packaged into the APK.	PB-TOOL-6
io.grpc:grpc-util	Test classpath only (the junit, Robolectric and androidx.test closure). It is on no runtime classpath of any variant, so it is never packaged into the APK.	PB-TOOL-6
io.netty:netty-buffer	Test classpath only (the junit, Robolectric and androidx.test closure). It is on no runtime classpath of any variant, so it is never packaged into the APK.	PB-TOOL-6
io.netty:netty-codec	Test classpath only (the junit, Robolectric and androidx.test closure). It is on no runtime classpath of any variant, so it is never packaged into the APK.	PB-TOOL-6
io.netty:netty-codec-http	Test classpath only (the junit, Robolectric and androidx.test closure). It is on no runtime classpath of any variant, so it is never packaged into the APK.	PB-TOOL-6
io.netty:netty-codec-http2	Test classpath only (the junit, Robolectric and androidx.test closure). It is on no runtime classpath of any variant, so it is never packaged into the APK.	PB-TOOL-6
io.netty:netty-codec-socks	Test classpath only (the junit, Robolectric and androidx.test closure). It is on no runtime classpath of any variant, so it is never packaged into the APK.	PB-TOOL-6
io.netty:netty-common	Test classpath only (the junit, Robolectric and androidx.test closure). It is on no runtime classpath of any variant, so it is never packaged into the APK.	PB-TOOL-6
io.netty:netty-handler	Test classpath only (the junit, Robolectric and androidx.test closure). It is on no runtime classpath of any variant, so it is never packaged into the APK.	PB-TOOL-6
io.netty:netty-handler-proxy	Test classpath only (the junit, Robolectric and androidx.test closure). It is on no runtime classpath of any variant, so it is never packaged into the APK.	PB-TOOL-6
io.netty:netty-parent	Gradle build classpath only: resolved to CONFIGURE the build (the Android Gradle Plugin, the Kotlin plugin, lint and their closure). It runs on the build host and is never packaged into the APK, but it is checksum-verified because it executes with full privileges on the machine that signs the release.	PB-SEC-14,PB-TOOL-1
io.netty:netty-resolver	Test classpath only (the junit, Robolectric and androidx.test closure). It is on no runtime classpath of any variant, so it is never packaged into the APK.	PB-TOOL-6
io.netty:netty-transport	Test classpath only (the junit, Robolectric and androidx.test closure). It is on no runtime classpath of any variant, so it is never packaged into the APK.	PB-TOOL-6
io.netty:netty-transport-native-unix-common	Test classpath only (the junit, Robolectric and androidx.test closure). It is on no runtime classpath of any variant, so it is never packaged into the APK.	PB-TOOL-6
io.opencensus:opencensus-api	Test classpath only (the junit, Robolectric and androidx.test closure). It is on no runtime classpath of any variant, so it is never packaged into the APK.	PB-TOOL-6
io.opencensus:opencensus-proto	Test classpath only (the junit, Robolectric and androidx.test closure). It is on no runtime classpath of any variant, so it is never packaged into the APK.	PB-TOOL-6
io.perfmark:perfmark-api	Test classpath only (the junit, Robolectric and androidx.test closure). It is on no runtime classpath of any variant, so it is never packaged into the APK.	PB-TOOL-6
jakarta.activation:jakarta.activation-api	Gradle build classpath only: resolved to CONFIGURE the build (the Android Gradle Plugin, the Kotlin plugin, lint and their closure). It runs on the build host and is never packaged into the APK, but it is checksum-verified because it executes with full privileges on the machine that signs the release.	PB-SEC-14,PB-TOOL-1
jakarta.xml.bind:jakarta.xml.bind-api	Gradle build classpath only: resolved to CONFIGURE the build (the Android Gradle Plugin, the Kotlin plugin, lint and their closure). It runs on the build host and is never packaged into the APK, but it is checksum-verified because it executes with full privileges on the machine that signs the release.	PB-SEC-14,PB-TOOL-1
jakarta.xml.bind:jakarta.xml.bind-api-parent	Gradle build classpath only: resolved to CONFIGURE the build (the Android Gradle Plugin, the Kotlin plugin, lint and their closure). It runs on the build host and is never packaged into the APK, but it is checksum-verified because it executes with full privileges on the machine that signs the release.	PB-SEC-14,PB-TOOL-1
javax.annotation:javax.annotation-api	Test classpath only (the junit, Robolectric and androidx.test closure). It is on no runtime classpath of any variant, so it is never packaged into the APK.	PB-TOOL-6
javax.inject:javax.inject	Ships in the APK. Pulled in transitively by com.google.firebase:firebase-messaging; no source in this module names it directly.	PB-SEC-8
junit:junit	The unit-test runner behind ./gradlew test. Test runtime classpath only; never packaged into the APK.	PB-TOOL-6
net.java.dev.jna:jna	Test classpath only (the junit, Robolectric and androidx.test closure). It is on no runtime classpath of any variant, so it is never packaged into the APK.	PB-TOOL-6
net.java.dev.jna:jna-platform	Test classpath only (the junit, Robolectric and androidx.test closure). It is on no runtime classpath of any variant, so it is never packaged into the APK.	PB-TOOL-6
net.java:jvnet-parent	Gradle build classpath only: resolved to CONFIGURE the build (the Android Gradle Plugin, the Kotlin plugin, lint and their closure). It runs on the build host and is never packaged into the APK, but it is checksum-verified because it executes with full privileges on the machine that signs the release.	PB-SEC-14,PB-TOOL-1
net.sf.jopt-simple:jopt-simple	Gradle build classpath only: resolved to CONFIGURE the build (the Android Gradle Plugin, the Kotlin plugin, lint and their closure). It runs on the build host and is never packaged into the APK, but it is checksum-verified because it executes with full privileges on the machine that signs the release.	PB-SEC-14,PB-TOOL-1
net.sf.kxml:kxml2	Test classpath only (the junit, Robolectric and androidx.test closure). It is on no runtime classpath of any variant, so it is never packaged into the APK.	PB-TOOL-6
org.apache.commons:commons-compress	Gradle build classpath only: resolved to CONFIGURE the build (the Android Gradle Plugin, the Kotlin plugin, lint and their closure). It runs on the build host and is never packaged into the APK, but it is checksum-verified because it executes with full privileges on the machine that signs the release.	PB-SEC-14,PB-TOOL-1
org.apache.commons:commons-parent	Gradle build classpath only: resolved to CONFIGURE the build (the Android Gradle Plugin, the Kotlin plugin, lint and their closure). It runs on the build host and is never packaged into the APK, but it is checksum-verified because it executes with full privileges on the machine that signs the release.	PB-SEC-14,PB-TOOL-1
org.apache.httpcomponents:httpclient	Gradle build classpath only: resolved to CONFIGURE the build (the Android Gradle Plugin, the Kotlin plugin, lint and their closure). It runs on the build host and is never packaged into the APK, but it is checksum-verified because it executes with full privileges on the machine that signs the release.	PB-SEC-14,PB-TOOL-1
org.apache.httpcomponents:httpcomponents-client	Gradle build classpath only: resolved to CONFIGURE the build (the Android Gradle Plugin, the Kotlin plugin, lint and their closure). It runs on the build host and is never packaged into the APK, but it is checksum-verified because it executes with full privileges on the machine that signs the release.	PB-SEC-14,PB-TOOL-1
org.apache.httpcomponents:httpcomponents-core	Gradle build classpath only: resolved to CONFIGURE the build (the Android Gradle Plugin, the Kotlin plugin, lint and their closure). It runs on the build host and is never packaged into the APK, but it is checksum-verified because it executes with full privileges on the machine that signs the release.	PB-SEC-14,PB-TOOL-1
org.apache.httpcomponents:httpcomponents-parent	Gradle build classpath only: resolved to CONFIGURE the build (the Android Gradle Plugin, the Kotlin plugin, lint and their closure). It runs on the build host and is never packaged into the APK, but it is checksum-verified because it executes with full privileges on the machine that signs the release.	PB-SEC-14,PB-TOOL-1
org.apache.httpcomponents:httpcore	Gradle build classpath only: resolved to CONFIGURE the build (the Android Gradle Plugin, the Kotlin plugin, lint and their closure). It runs on the build host and is never packaged into the APK, but it is checksum-verified because it executes with full privileges on the machine that signs the release.	PB-SEC-14,PB-TOOL-1
org.apache.httpcomponents:httpmime	Gradle build classpath only: resolved to CONFIGURE the build (the Android Gradle Plugin, the Kotlin plugin, lint and their closure). It runs on the build host and is never packaged into the APK, but it is checksum-verified because it executes with full privileges on the machine that signs the release.	PB-SEC-14,PB-TOOL-1
org.apache:apache	Gradle build classpath only: resolved to CONFIGURE the build (the Android Gradle Plugin, the Kotlin plugin, lint and their closure). It runs on the build host and is never packaged into the APK, but it is checksum-verified because it executes with full privileges on the machine that signs the release.	PB-SEC-14,PB-TOOL-1
org.bitbucket.b_c:jose4j	Gradle build classpath only: resolved to CONFIGURE the build (the Android Gradle Plugin, the Kotlin plugin, lint and their closure). It runs on the build host and is never packaged into the APK, but it is checksum-verified because it executes with full privileges on the machine that signs the release.	PB-SEC-14,PB-TOOL-1
org.bouncycastle:bcpkix-jdk18on	Gradle build classpath only: resolved to CONFIGURE the build (the Android Gradle Plugin, the Kotlin plugin, lint and their closure). It runs on the build host and is never packaged into the APK, but it is checksum-verified because it executes with full privileges on the machine that signs the release.	PB-SEC-14,PB-TOOL-1
org.bouncycastle:bcprov-jdk18on	Test classpath only (the junit, Robolectric and androidx.test closure). It is on no runtime classpath of any variant, so it is never packaged into the APK.	PB-TOOL-6
org.bouncycastle:bcutil-jdk18on	Gradle build classpath only: resolved to CONFIGURE the build (the Android Gradle Plugin, the Kotlin plugin, lint and their closure). It runs on the build host and is never packaged into the APK, but it is checksum-verified because it executes with full privileges on the machine that signs the release.	PB-SEC-14,PB-TOOL-1
org.checkerframework:checker-qual	Test classpath only (the junit, Robolectric and androidx.test closure). It is on no runtime classpath of any variant, so it is never packaged into the APK.	PB-TOOL-6
org.codehaus.groovy:groovy	Gradle build classpath only: resolved to CONFIGURE the build (the Android Gradle Plugin, the Kotlin plugin, lint and their closure). It runs on the build host and is never packaged into the APK, but it is checksum-verified because it executes with full privileges on the machine that signs the release.	PB-SEC-14,PB-TOOL-1
org.codehaus.mojo:animal-sniffer-annotations	Test classpath only (the junit, Robolectric and androidx.test closure). It is on no runtime classpath of any variant, so it is never packaged into the APK.	PB-TOOL-6
org.codehaus.mojo:animal-sniffer-parent	Gradle build classpath only: resolved to CONFIGURE the build (the Android Gradle Plugin, the Kotlin plugin, lint and their closure). It runs on the build host and is never packaged into the APK, but it is checksum-verified because it executes with full privileges on the machine that signs the release.	PB-SEC-14,PB-TOOL-1
org.codehaus.mojo:mojo-parent	Gradle build classpath only: resolved to CONFIGURE the build (the Android Gradle Plugin, the Kotlin plugin, lint and their closure). It runs on the build host and is never packaged into the APK, but it is checksum-verified because it executes with full privileges on the machine that signs the release.	PB-SEC-14,PB-TOOL-1
org.conscrypt:conscrypt-openjdk-uber	Test classpath only (the junit, Robolectric and androidx.test closure). It is on no runtime classpath of any variant, so it is never packaged into the APK.	PB-TOOL-6
org.eclipse.ee4j:project	Gradle build classpath only: resolved to CONFIGURE the build (the Android Gradle Plugin, the Kotlin plugin, lint and their closure). It runs on the build host and is never packaged into the APK, but it is checksum-verified because it executes with full privileges on the machine that signs the release.	PB-SEC-14,PB-TOOL-1
org.glassfish.jaxb:jaxb-bom	Gradle build classpath only: resolved to CONFIGURE the build (the Android Gradle Plugin, the Kotlin plugin, lint and their closure). It runs on the build host and is never packaged into the APK, but it is checksum-verified because it executes with full privileges on the machine that signs the release.	PB-SEC-14,PB-TOOL-1
org.glassfish.jaxb:jaxb-runtime	Gradle build classpath only: resolved to CONFIGURE the build (the Android Gradle Plugin, the Kotlin plugin, lint and their closure). It runs on the build host and is never packaged into the APK, but it is checksum-verified because it executes with full privileges on the machine that signs the release.	PB-SEC-14,PB-TOOL-1
org.glassfish.jaxb:txw2	Gradle build classpath only: resolved to CONFIGURE the build (the Android Gradle Plugin, the Kotlin plugin, lint and their closure). It runs on the build host and is never packaged into the APK, but it is checksum-verified because it executes with full privileges on the machine that signs the release.	PB-SEC-14,PB-TOOL-1
org.hamcrest:hamcrest-core	Test classpath only (the junit, Robolectric and androidx.test closure). It is on no runtime classpath of any variant, so it is never packaged into the APK.	PB-TOOL-6
org.hamcrest:hamcrest-parent	Gradle build classpath only: resolved to CONFIGURE the build (the Android Gradle Plugin, the Kotlin plugin, lint and their closure). It runs on the build host and is never packaged into the APK, but it is checksum-verified because it executes with full privileges on the machine that signs the release.	PB-SEC-14,PB-TOOL-1
org.jdom:jdom2	Gradle build classpath only: resolved to CONFIGURE the build (the Android Gradle Plugin, the Kotlin plugin, lint and their closure). It runs on the build host and is never packaged into the APK, but it is checksum-verified because it executes with full privileges on the machine that signs the release.	PB-SEC-14,PB-TOOL-1
org.jetbrains.kotlin.android:org.jetbrains.kotlin.android.gradle.plugin	Gradle build classpath only: resolved to CONFIGURE the build (the Android Gradle Plugin, the Kotlin plugin, lint and their closure). It runs on the build host and is never packaged into the APK, but it is checksum-verified because it executes with full privileges on the machine that signs the release.	PB-SEC-14,PB-TOOL-1
org.jetbrains.kotlin:abi-tools	Test classpath only (the junit, Robolectric and androidx.test closure). It is on no runtime classpath of any variant, so it is never packaged into the APK.	PB-TOOL-6
org.jetbrains.kotlin:abi-tools-api	Test classpath only (the junit, Robolectric and androidx.test closure). It is on no runtime classpath of any variant, so it is never packaged into the APK.	PB-TOOL-6
org.jetbrains.kotlin:fus-statistics-gradle-plugin	Gradle build classpath only: resolved to CONFIGURE the build (the Android Gradle Plugin, the Kotlin plugin, lint and their closure). It runs on the build host and is never packaged into the APK, but it is checksum-verified because it executes with full privileges on the machine that signs the release.	PB-SEC-14,PB-TOOL-1
org.jetbrains.kotlin:kotlin-build-statistics	Gradle build classpath only: resolved to CONFIGURE the build (the Android Gradle Plugin, the Kotlin plugin, lint and their closure). It runs on the build host and is never packaged into the APK, but it is checksum-verified because it executes with full privileges on the machine that signs the release.	PB-SEC-14,PB-TOOL-1
org.jetbrains.kotlin:kotlin-build-tools-api	Test classpath only (the junit, Robolectric and androidx.test closure). It is on no runtime classpath of any variant, so it is never packaged into the APK.	PB-TOOL-6
org.jetbrains.kotlin:kotlin-build-tools-compat	Test classpath only (the junit, Robolectric and androidx.test closure). It is on no runtime classpath of any variant, so it is never packaged into the APK.	PB-TOOL-6
org.jetbrains.kotlin:kotlin-build-tools-cri-impl	Test classpath only (the junit, Robolectric and androidx.test closure). It is on no runtime classpath of any variant, so it is never packaged into the APK.	PB-TOOL-6
org.jetbrains.kotlin:kotlin-build-tools-impl	Test classpath only (the junit, Robolectric and androidx.test closure). It is on no runtime classpath of any variant, so it is never packaged into the APK.	PB-TOOL-6
org.jetbrains.kotlin:kotlin-compiler-embeddable	Test classpath only (the junit, Robolectric and androidx.test closure). It is on no runtime classpath of any variant, so it is never packaged into the APK.	PB-TOOL-6
org.jetbrains.kotlin:kotlin-compiler-runner	Test classpath only (the junit, Robolectric and androidx.test closure). It is on no runtime classpath of any variant, so it is never packaged into the APK.	PB-TOOL-6
org.jetbrains.kotlin:kotlin-daemon-client	Test classpath only (the junit, Robolectric and androidx.test closure). It is on no runtime classpath of any variant, so it is never packaged into the APK.	PB-TOOL-6
org.jetbrains.kotlin:kotlin-daemon-embeddable	Test classpath only (the junit, Robolectric and androidx.test closure). It is on no runtime classpath of any variant, so it is never packaged into the APK.	PB-TOOL-6
org.jetbrains.kotlin:kotlin-gradle-plugin	Gradle build classpath only: resolved to CONFIGURE the build (the Android Gradle Plugin, the Kotlin plugin, lint and their closure). It runs on the build host and is never packaged into the APK, but it is checksum-verified because it executes with full privileges on the machine that signs the release.	PB-SEC-14,PB-TOOL-1
org.jetbrains.kotlin:kotlin-gradle-plugin-annotations	Gradle build classpath only: resolved to CONFIGURE the build (the Android Gradle Plugin, the Kotlin plugin, lint and their closure). It runs on the build host and is never packaged into the APK, but it is checksum-verified because it executes with full privileges on the machine that signs the release.	PB-SEC-14,PB-TOOL-1
org.jetbrains.kotlin:kotlin-gradle-plugin-api	Gradle build classpath only: resolved to CONFIGURE the build (the Android Gradle Plugin, the Kotlin plugin, lint and their closure). It runs on the build host and is never packaged into the APK, but it is checksum-verified because it executes with full privileges on the machine that signs the release.	PB-SEC-14,PB-TOOL-1
org.jetbrains.kotlin:kotlin-gradle-plugin-idea	Gradle build classpath only: resolved to CONFIGURE the build (the Android Gradle Plugin, the Kotlin plugin, lint and their closure). It runs on the build host and is never packaged into the APK, but it is checksum-verified because it executes with full privileges on the machine that signs the release.	PB-SEC-14,PB-TOOL-1
org.jetbrains.kotlin:kotlin-gradle-plugin-idea-proto	Gradle build classpath only: resolved to CONFIGURE the build (the Android Gradle Plugin, the Kotlin plugin, lint and their closure). It runs on the build host and is never packaged into the APK, but it is checksum-verified because it executes with full privileges on the machine that signs the release.	PB-SEC-14,PB-TOOL-1
org.jetbrains.kotlin:kotlin-gradle-plugins-bom	Gradle build classpath only: resolved to CONFIGURE the build (the Android Gradle Plugin, the Kotlin plugin, lint and their closure). It runs on the build host and is never packaged into the APK, but it is checksum-verified because it executes with full privileges on the machine that signs the release.	PB-SEC-14,PB-TOOL-1
org.jetbrains.kotlin:kotlin-klib-abi-reader	Test classpath only (the junit, Robolectric and androidx.test closure). It is on no runtime classpath of any variant, so it is never packaged into the APK.	PB-TOOL-6
org.jetbrains.kotlin:kotlin-klib-commonizer-api	Gradle build classpath only: resolved to CONFIGURE the build (the Android Gradle Plugin, the Kotlin plugin, lint and their closure). It runs on the build host and is never packaged into the APK, but it is checksum-verified because it executes with full privileges on the machine that signs the release.	PB-SEC-14,PB-TOOL-1
org.jetbrains.kotlin:kotlin-klib-commonizer-embeddable	Test classpath only (the junit, Robolectric and androidx.test closure). It is on no runtime classpath of any variant, so it is never packaged into the APK.	PB-TOOL-6
org.jetbrains.kotlin:kotlin-metadata-jvm	Test classpath only (the junit, Robolectric and androidx.test closure). It is on no runtime classpath of any variant, so it is never packaged into the APK.	PB-TOOL-6
org.jetbrains.kotlin:kotlin-native-utils	Gradle build classpath only: resolved to CONFIGURE the build (the Android Gradle Plugin, the Kotlin plugin, lint and their closure). It runs on the build host and is never packaged into the APK, but it is checksum-verified because it executes with full privileges on the machine that signs the release.	PB-SEC-14,PB-TOOL-1
org.jetbrains.kotlin:kotlin-reflect	Test classpath only (the junit, Robolectric and androidx.test closure). It is on no runtime classpath of any variant, so it is never packaged into the APK.	PB-TOOL-6
org.jetbrains.kotlin:kotlin-script-runtime	Test classpath only (the junit, Robolectric and androidx.test closure). It is on no runtime classpath of any variant, so it is never packaged into the APK.	PB-TOOL-6
org.jetbrains.kotlin:kotlin-stdlib	The Kotlin standard library. Every source file in this module is Kotlin, and PB-TOOL-6's gate asserts the org.jetbrains.kotlin.android plugin is the mechanism that compiles them.	PB-TOOL-6
org.jetbrains.kotlin:kotlin-stdlib-common	Ships in the APK. Pulled in transitively by androidx.appcompat:appcompat, org.jetbrains.kotlin:kotlin-stdlib; no source in this module names it directly.	PB-SEC-8
org.jetbrains.kotlin:kotlin-stdlib-jdk7	Ships in the APK. Pulled in transitively by androidx.appcompat:appcompat, org.jetbrains.kotlin:kotlin-stdlib; no source in this module names it directly.	PB-SEC-8
org.jetbrains.kotlin:kotlin-stdlib-jdk8	Ships in the APK. Pulled in transitively by androidx.appcompat:appcompat, com.google.firebase:firebase-messaging, org.jetbrains.kotlin:kotlin-stdlib; no source in this module names it directly.	PB-SEC-8
org.jetbrains.kotlin:kotlin-tooling-core	Test classpath only (the junit, Robolectric and androidx.test closure). It is on no runtime classpath of any variant, so it is never packaged into the APK.	PB-TOOL-6
org.jetbrains.kotlin:kotlin-util-io	Gradle build classpath only: resolved to CONFIGURE the build (the Android Gradle Plugin, the Kotlin plugin, lint and their closure). It runs on the build host and is never packaged into the APK, but it is checksum-verified because it executes with full privileges on the machine that signs the release.	PB-SEC-14,PB-TOOL-1
org.jetbrains.kotlin:kotlin-util-klib	Gradle build classpath only: resolved to CONFIGURE the build (the Android Gradle Plugin, the Kotlin plugin, lint and their closure). It runs on the build host and is never packaged into the APK, but it is checksum-verified because it executes with full privileges on the machine that signs the release.	PB-SEC-14,PB-TOOL-1
org.jetbrains.kotlin:kotlin-util-klib-metadata	Gradle build classpath only: resolved to CONFIGURE the build (the Android Gradle Plugin, the Kotlin plugin, lint and their closure). It runs on the build host and is never packaged into the APK, but it is checksum-verified because it executes with full privileges on the machine that signs the release.	PB-SEC-14,PB-TOOL-1
org.jetbrains.kotlinx:atomicfu	Test classpath only (the junit, Robolectric and androidx.test closure). It is on no runtime classpath of any variant, so it is never packaged into the APK.	PB-TOOL-6
org.jetbrains.kotlinx:atomicfu-jvm	Test classpath only (the junit, Robolectric and androidx.test closure). It is on no runtime classpath of any variant, so it is never packaged into the APK.	PB-TOOL-6
org.jetbrains.kotlinx:kotlinx-coroutines-android	Ships in the APK. Pulled in transitively by androidx.appcompat:appcompat; no source in this module names it directly.	PB-SEC-8
org.jetbrains.kotlinx:kotlinx-coroutines-bom	Ships in the APK. Pulled in transitively by androidx.appcompat:appcompat, com.google.firebase:firebase-messaging; no source in this module names it directly.	PB-SEC-8
org.jetbrains.kotlinx:kotlinx-coroutines-core	Ships in the APK. Pulled in transitively by androidx.appcompat:appcompat, com.google.firebase:firebase-messaging; no source in this module names it directly.	PB-SEC-8
org.jetbrains.kotlinx:kotlinx-coroutines-core-jvm	Ships in the APK. Pulled in transitively by androidx.appcompat:appcompat; no source in this module names it directly.	PB-SEC-8
org.jetbrains.kotlinx:kotlinx-coroutines-play-services	Ships in the APK. Pulled in transitively by androidx.appcompat:appcompat, com.google.firebase:firebase-messaging; no source in this module names it directly.	PB-SEC-8
org.jetbrains:annotations	Ships in the APK. Pulled in transitively by org.jetbrains.kotlin:kotlin-stdlib; no source in this module names it directly.	PB-SEC-8
org.jspecify:jspecify	Test classpath only (the junit, Robolectric and androidx.test closure). It is on no runtime classpath of any variant, so it is never packaged into the APK.	PB-TOOL-6
org.junit:junit-bom	Gradle build classpath only: resolved to CONFIGURE the build (the Android Gradle Plugin, the Kotlin plugin, lint and their closure). It runs on the build host and is never packaged into the APK, but it is checksum-verified because it executes with full privileges on the machine that signs the release.	PB-SEC-14,PB-TOOL-1
org.jvnet.staxex:stax-ex	Gradle build classpath only: resolved to CONFIGURE the build (the Android Gradle Plugin, the Kotlin plugin, lint and their closure). It runs on the build host and is never packaged into the APK, but it is checksum-verified because it executes with full privileges on the machine that signs the release.	PB-SEC-14,PB-TOOL-1
org.ow2.asm:asm	Test classpath only (the junit, Robolectric and androidx.test closure). It is on no runtime classpath of any variant, so it is never packaged into the APK.	PB-TOOL-6
org.ow2.asm:asm-analysis	Gradle build classpath only: resolved to CONFIGURE the build (the Android Gradle Plugin, the Kotlin plugin, lint and their closure). It runs on the build host and is never packaged into the APK, but it is checksum-verified because it executes with full privileges on the machine that signs the release.	PB-SEC-14,PB-TOOL-1
org.ow2.asm:asm-commons	Test classpath only (the junit, Robolectric and androidx.test closure). It is on no runtime classpath of any variant, so it is never packaged into the APK.	PB-TOOL-6
org.ow2.asm:asm-tree	Test classpath only (the junit, Robolectric and androidx.test closure). It is on no runtime classpath of any variant, so it is never packaged into the APK.	PB-TOOL-6
org.ow2.asm:asm-util	Gradle build classpath only: resolved to CONFIGURE the build (the Android Gradle Plugin, the Kotlin plugin, lint and their closure). It runs on the build host and is never packaged into the APK, but it is checksum-verified because it executes with full privileges on the machine that signs the release.	PB-SEC-14,PB-TOOL-1
org.ow2:ow2	Gradle build classpath only: resolved to CONFIGURE the build (the Android Gradle Plugin, the Kotlin plugin, lint and their closure). It runs on the build host and is never packaged into the APK, but it is checksum-verified because it executes with full privileges on the machine that signs the release.	PB-SEC-14,PB-TOOL-1
org.robolectric:annotations	Test classpath only (the junit, Robolectric and androidx.test closure). It is on no runtime classpath of any variant, so it is never packaged into the APK.	PB-TOOL-6
org.robolectric:junit	Test classpath only (the junit, Robolectric and androidx.test closure). It is on no runtime classpath of any variant, so it is never packaged into the APK.	PB-TOOL-6
org.robolectric:nativeruntime	Test classpath only (the junit, Robolectric and androidx.test closure). It is on no runtime classpath of any variant, so it is never packaged into the APK.	PB-TOOL-6
org.robolectric:nativeruntime-dist-compat	Test classpath only (the junit, Robolectric and androidx.test closure). It is on no runtime classpath of any variant, so it is never packaged into the APK.	PB-TOOL-6
org.robolectric:pluginapi	Test classpath only (the junit, Robolectric and androidx.test closure). It is on no runtime classpath of any variant, so it is never packaged into the APK.	PB-TOOL-6
org.robolectric:plugins-maven-dependency-resolver	Test classpath only (the junit, Robolectric and androidx.test closure). It is on no runtime classpath of any variant, so it is never packaged into the APK.	PB-TOOL-6
org.robolectric:resources	Test classpath only (the junit, Robolectric and androidx.test closure). It is on no runtime classpath of any variant, so it is never packaged into the APK.	PB-TOOL-6
org.robolectric:robolectric	Runs the Android framework on the JVM so manifest, resource, window and Keystore POLICY can be asserted with no emulator. PB-E2E-5 stays deferred, so nothing Robolectric answers may be read as a claim about real hardware.	PB-TOOL-6,PB-E2E-5
org.robolectric:sandbox	Test classpath only (the junit, Robolectric and androidx.test closure). It is on no runtime classpath of any variant, so it is never packaged into the APK.	PB-TOOL-6
org.robolectric:shadowapi	Test classpath only (the junit, Robolectric and androidx.test closure). It is on no runtime classpath of any variant, so it is never packaged into the APK.	PB-TOOL-6
org.robolectric:shadows-framework	Test classpath only (the junit, Robolectric and androidx.test closure). It is on no runtime classpath of any variant, so it is never packaged into the APK.	PB-TOOL-6
org.robolectric:utils	Test classpath only (the junit, Robolectric and androidx.test closure). It is on no runtime classpath of any variant, so it is never packaged into the APK.	PB-TOOL-6
org.robolectric:utils-reflector	Test classpath only (the junit, Robolectric and androidx.test closure). It is on no runtime classpath of any variant, so it is never packaged into the APK.	PB-TOOL-6
org.slf4j:slf4j-api	Gradle build classpath only: resolved to CONFIGURE the build (the Android Gradle Plugin, the Kotlin plugin, lint and their closure). It runs on the build host and is never packaged into the APK, but it is checksum-verified because it executes with full privileges on the machine that signs the release.	PB-SEC-14,PB-TOOL-1
org.slf4j:slf4j-parent	Gradle build classpath only: resolved to CONFIGURE the build (the Android Gradle Plugin, the Kotlin plugin, lint and their closure). It runs on the build host and is never packaged into the APK, but it is checksum-verified because it executes with full privileges on the machine that signs the release.	PB-SEC-14,PB-TOOL-1
org.sonatype.oss:oss-parent	Gradle build classpath only: resolved to CONFIGURE the build (the Android Gradle Plugin, the Kotlin plugin, lint and their closure). It runs on the build host and is never packaged into the APK, but it is checksum-verified because it executes with full privileges on the machine that signs the release.	PB-SEC-14,PB-TOOL-1
org.tensorflow:tensorflow-lite-metadata	Gradle build classpath only: resolved to CONFIGURE the build (the Android Gradle Plugin, the Kotlin plugin, lint and their closure). It runs on the build host and is never packaged into the APK, but it is checksum-verified because it executes with full privileges on the machine that signs the release.	PB-SEC-14,PB-TOOL-1
org.yaml:snakeyaml	Test classpath only (the junit, Robolectric and androidx.test closure). It is on no runtime classpath of any variant, so it is never packaged into the APK.	PB-TOOL-6
